link_text,href,link_type,section_title
(empty),#beautiful-soup-documentation,internal_anchor,Unknown
Beautiful Soup,http://www.crummy.com/software/BeautifulSoup/,documentation_link,Unknown
Beautiful Soup 3,http://www.crummy.com/software/BeautifulSoup/bs3/documentation.html,documentation_link,Unknown
Porting code to BS4,#porting-code-to-bs4,internal_anchor,Unknown
这篇文档当然还有中文版.,https://www.crummy.com/software/BeautifulSoup/bs4/doc.zh/,documentation_link,Unknown
外部リンク,http://kondou.com/BS4/,external_link,Unknown
이 문서는 한국어 번역도 가능합니다.,https://www.crummy.com/software/BeautifulSoup/bs4/doc.ko/,documentation_link,Unknown
Este documento também está disponível em Português do Brasil.,https://www.crummy.com/software/BeautifulSoup/bs4/doc.ptbr,documentation_link,Unknown
Este documento también está disponible en una traducción al español.,https://www.crummy.com/software/BeautifulSoup/bs4/doc.es/,documentation_link,Unknown
Эта документация доступна на русском языке.,https://www.crummy.com/software/BeautifulSoup/bs4/doc.ru/,documentation_link,Unknown
(empty),#getting-help,internal_anchor,Unknown
send mail to the discussion group,https://groups.google.com/forum/?fromgroups#!forum/beautifulsoup,documentation_link,Unknown
what the diagnose() function says,#diagnose,internal_anchor,Unknown
(empty),#api-documentation,internal_anchor,Unknown
traditional API documentation,api/modules.html,documentation_link,Unknown
(empty),#quick-start,internal_anchor,Unknown
(empty),#installing-beautiful-soup,internal_anchor,Unknown
Beautiful Soup 3,http://www.crummy.com/software/BeautifulSoup/bs3/documentation.html,documentation_link,Unknown
download the Beautiful Soup 4 source tarball,http://www.crummy.com/software/BeautifulSoup/download/4.x/,documentation_link,Unknown
(empty),#installing-a-parser,internal_anchor,Unknown
lxml parser,http://lxml.de/,external_link,Unknown
html5lib parser,http://code.google.com/p/html5lib/,external_link,Unknown
Differences between parsers,#differences-between-parsers,internal_anchor,Unknown
(empty),#making-the-soup,internal_anchor,Unknown
Parsing XML,#id15,internal_anchor,Unknown
(empty),#kinds-of-objects,internal_anchor,Unknown
Tag,#Tag,internal_anchor,Unknown
NavigableString,#NavigableString,internal_anchor,Unknown
Comment,#Comment,internal_anchor,Unknown
(empty),#Tag,internal_anchor,Unknown
Tag,#Tag,internal_anchor,Unknown
Navigating the tree,#navigating-the-tree,internal_anchor,Unknown
Searching the tree,#searching-the-tree,internal_anchor,Unknown
(empty),#Tag.name,internal_anchor,Unknown
(empty),#Tag.attrs,internal_anchor,Unknown
(empty),#multi-valued-attributes,internal_anchor,Unknown
(empty),#NavigableString,internal_anchor,Unknown
NavigableString,#NavigableString,internal_anchor,Unknown
NavigableString,#NavigableString,internal_anchor,Unknown
Navigating the tree,#navigating-the-tree,internal_anchor,Unknown
Searching the tree,#searching-the-tree,internal_anchor,Unknown
NavigableString,#NavigableString,internal_anchor,Unknown
replace_with(),#replace-with,internal_anchor,Unknown
NavigableString,#NavigableString,internal_anchor,Unknown
Navigating the tree,#navigating-the-tree,internal_anchor,Unknown
Searching the tree,#searching-the-tree,internal_anchor,Unknown
NavigableString,#NavigableString,internal_anchor,Unknown
Tag,#Tag,internal_anchor,Unknown
Navigating the tree,#navigating-the-tree,internal_anchor,Unknown
Searching the tree,#searching-the-tree,internal_anchor,Unknown
Modifying the tree,#modifying-the-tree,internal_anchor,Unknown
Tag,#Tag,internal_anchor,Unknown
Tag,#Tag,internal_anchor,Unknown
(empty),#special-strings,internal_anchor,Unknown
Tag,#Tag,internal_anchor,Unknown
NavigableString,#NavigableString,internal_anchor,Unknown
Comment,#Comment,internal_anchor,Unknown
(empty),#Comment,internal_anchor,Unknown
Comment,#Comment,internal_anchor,Unknown
NavigableString,#NavigableString,internal_anchor,Unknown
Comment,#Comment,internal_anchor,Unknown
(empty),#for-html-documents,internal_anchor,Unknown
NavigableString,#NavigableString,internal_anchor,Unknown
(empty),#Stylesheet,internal_anchor,Unknown
NavigableString,#NavigableString,internal_anchor,Unknown
(empty),#Script,internal_anchor,Unknown
NavigableString,#NavigableString,internal_anchor,Unknown
(empty),#Template,internal_anchor,Unknown
NavigableString,#NavigableString,internal_anchor,Unknown
(empty),#for-xml-documents,internal_anchor,Unknown
NavigableString,#NavigableString,internal_anchor,Unknown
Comment,#Comment,internal_anchor,Unknown
NavigableString,#NavigableString,internal_anchor,Unknown
(empty),#Declaration,internal_anchor,Unknown
NavigableString,#NavigableString,internal_anchor,Unknown
declaration,https://www.w3.org/TR/REC-xml/#sec-prolog-dtd,external_link,Unknown
(empty),#Doctype,internal_anchor,Unknown
NavigableString,#NavigableString,internal_anchor,Unknown
document type declaration,https://www.w3.org/TR/REC-xml/#dt-doctype,external_link,Unknown
(empty),#CData,internal_anchor,Unknown
NavigableString,#NavigableString,internal_anchor,Unknown
CData section,https://www.w3.org/TR/REC-xml/#sec-cdata-sect,external_link,Unknown
(empty),#ProcessingInstruction,internal_anchor,Unknown
NavigableString,#NavigableString,internal_anchor,Unknown
XML processing instruction,https://www.w3.org/TR/REC-xml/#sec-pi,external_link,Unknown
(empty),#navigating-the-tree,internal_anchor,Unknown
(empty),#going-down,internal_anchor,Unknown
(empty),#navigating-using-tag-names,internal_anchor,Unknown
Searching the tree,#searching-the-tree,internal_anchor,Unknown
(empty),#contents-and-children,internal_anchor,Unknown
Modifying the tree,#modifying-the-tree,internal_anchor,Unknown
(empty),#descendants,internal_anchor,Unknown
(empty),#string,internal_anchor,Unknown
NavigableString,#NavigableString,internal_anchor,Unknown
(empty),#strings-and-stripped-strings,internal_anchor,Unknown
(empty),#going-up,internal_anchor,Unknown
(empty),#parent,internal_anchor,Unknown
(empty),#parents,internal_anchor,Unknown
(empty),#self-and-parents,internal_anchor,Unknown
(empty),#going-sideways,internal_anchor,Unknown
(empty),#next-sibling-and-previous-sibling,internal_anchor,Unknown
(empty),#next-siblings-and-previous-siblings,internal_anchor,Unknown
The keyword arguments,#kwargs,internal_anchor,Unknown
(empty),#going-back-and-forth,internal_anchor,Unknown
(empty),#next-element-and-previous-element,internal_anchor,Unknown
(empty),#next-elements-and-previous-elements,internal_anchor,Unknown
(empty),#searching-the-tree,internal_anchor,Unknown
(empty),#kinds-of-filters,internal_anchor,Unknown
(empty),#a-string,internal_anchor,Unknown
(empty),#a-regular-expression,internal_anchor,Unknown
(empty),#true,internal_anchor,Unknown
(empty),#a-function,internal_anchor,Unknown
(empty),#a-list,internal_anchor,Unknown
(empty),#find-all,internal_anchor,Unknown
name,#name,internal_anchor,Unknown
attrs,#attrs,internal_anchor,Unknown
recursive,#recursive,internal_anchor,Unknown
string,#id11,internal_anchor,Unknown
limit,#limit,internal_anchor,Unknown
**kwargs,#kwargs,internal_anchor,Unknown
Kinds of filters,#kinds-of-filters,internal_anchor,Unknown
(empty),#the-name-argument,internal_anchor,Unknown
Kinds of filters,#kinds-of-filters,internal_anchor,Unknown
a string,#a-string,internal_anchor,Unknown
a regular expression,#a-regular-expression,internal_anchor,Unknown
a list,#a-list,internal_anchor,Unknown
a function,#a-function,internal_anchor,Unknown
the value True,#the-value-true,internal_anchor,Unknown
(empty),#the-keyword-arguments,internal_anchor,Unknown
a string,#a-string,internal_anchor,Unknown
a regular expression,#a-regular-expression,internal_anchor,Unknown
a list,#a-list,internal_anchor,Unknown
a function,#a-function,internal_anchor,Unknown
the value True,#the-value-true,internal_anchor,Unknown
(empty),#searching-by-css-class,internal_anchor,Unknown
Remember,#multivalue,internal_anchor,Unknown
described here,#css-selectors,internal_anchor,Unknown
(empty),#the-string-argument,internal_anchor,Unknown
a string,#a-string,internal_anchor,Unknown
a regular expression,#a-regular-expression,internal_anchor,Unknown
a function,#a-function,internal_anchor,Unknown
a list,#a-list,internal_anchor,Unknown
the value True,#the-value-true,internal_anchor,Unknown
(empty),#the-limit-argument,internal_anchor,Unknown
(empty),#the-recursive-argument,internal_anchor,Unknown
(empty),#calling-a-tag-is-like-calling-find-all,internal_anchor,Unknown
Tag,#Tag,internal_anchor,Unknown
(empty),#find,internal_anchor,Unknown
name,#name,internal_anchor,Unknown
attrs,#attrs,internal_anchor,Unknown
recursive,#recursive,internal_anchor,Unknown
string,#id11,internal_anchor,Unknown
**kwargs,#kwargs,internal_anchor,Unknown
Navigating using tag names,#navigating-using-tag-names,internal_anchor,Unknown
(empty),#find-parents-and-find-parent,internal_anchor,Unknown
name,#name,internal_anchor,Unknown
attrs,#attrs,internal_anchor,Unknown
string,#id11,internal_anchor,Unknown
limit,#limit,internal_anchor,Unknown
**kwargs,#kwargs,internal_anchor,Unknown
name,#name,internal_anchor,Unknown
attrs,#attrs,internal_anchor,Unknown
string,#id11,internal_anchor,Unknown
**kwargs,#kwargs,internal_anchor,Unknown
.parent,#parent,internal_anchor,Unknown
.parents,#parents,internal_anchor,Unknown
(empty),#find-next-siblings-and-find-next-sibling,internal_anchor,Unknown
name,#name,internal_anchor,Unknown
attrs,#attrs,internal_anchor,Unknown
string,#id11,internal_anchor,Unknown
limit,#limit,internal_anchor,Unknown
**kwargs,#kwargs,internal_anchor,Unknown
name,#name,internal_anchor,Unknown
attrs,#attrs,internal_anchor,Unknown
string,#id11,internal_anchor,Unknown
**kwargs,#kwargs,internal_anchor,Unknown
.next_siblings,#sibling-generators,internal_anchor,Unknown
(empty),#find-previous-siblings-and-find-previous-sibling,internal_anchor,Unknown
name,#name,internal_anchor,Unknown
attrs,#attrs,internal_anchor,Unknown
string,#id11,internal_anchor,Unknown
limit,#limit,internal_anchor,Unknown
**kwargs,#kwargs,internal_anchor,Unknown
name,#name,internal_anchor,Unknown
attrs,#attrs,internal_anchor,Unknown
string,#id11,internal_anchor,Unknown
**kwargs,#kwargs,internal_anchor,Unknown
.previous_siblings,#sibling-generators,internal_anchor,Unknown
(empty),#find-all-next-and-find-next,internal_anchor,Unknown
name,#name,internal_anchor,Unknown
attrs,#attrs,internal_anchor,Unknown
string,#id11,internal_anchor,Unknown
limit,#limit,internal_anchor,Unknown
**kwargs,#kwargs,internal_anchor,Unknown
name,#name,internal_anchor,Unknown
attrs,#attrs,internal_anchor,Unknown
string,#id11,internal_anchor,Unknown
**kwargs,#kwargs,internal_anchor,Unknown
.next_elements,#element-generators,internal_anchor,Unknown
document order,#document-order,internal_anchor,Unknown
(empty),#find-all-previous-and-find-previous,internal_anchor,Unknown
name,#name,internal_anchor,Unknown
attrs,#attrs,internal_anchor,Unknown
string,#id11,internal_anchor,Unknown
limit,#limit,internal_anchor,Unknown
**kwargs,#kwargs,internal_anchor,Unknown
name,#name,internal_anchor,Unknown
attrs,#attrs,internal_anchor,Unknown
string,#id11,internal_anchor,Unknown
**kwargs,#kwargs,internal_anchor,Unknown
.previous_elements,#element-generators,internal_anchor,Unknown
document order,#document-order,internal_anchor,Unknown
(empty),#css-selectors-through-the-css-property,internal_anchor,Unknown
Tag,#Tag,internal_anchor,Unknown
Soup Sieve,https://facelessuser.github.io/soupsieve/,external_link,Unknown
all the currently supported CSS selectors,https://facelessuser.github.io/soupsieve/selectors/,external_link,Unknown
Tag,#Tag,internal_anchor,Unknown
(empty),#advanced-soup-sieve-features,internal_anchor,Unknown
Tag,#Tag,internal_anchor,Unknown
the Soup Sieve documentation,https://facelessuser.github.io/soupsieve/,external_link,Unknown
Tag,#Tag,internal_anchor,Unknown
Tag,#Tag,internal_anchor,Unknown
(empty),#namespaces-in-css-selectors,internal_anchor,Unknown
(empty),#history-of-css-selector-support,internal_anchor,Unknown
(empty),#modifying-the-tree,internal_anchor,Unknown
(empty),#changing-tag-names-and-attributes,internal_anchor,Unknown
Tag.attrs,#Tag.attrs,internal_anchor,Unknown
(empty),#modifying-string,internal_anchor,Unknown
(empty),#append,internal_anchor,Unknown
(empty),#extend,internal_anchor,Unknown
Tag,#Tag,internal_anchor,Unknown
Tag,#Tag,internal_anchor,Unknown
(empty),#navigablestring-and-new-tag,internal_anchor,Unknown
NavigableString,#NavigableString,internal_anchor,Unknown
NavigableString,#NavigableString,internal_anchor,Unknown
(empty),#insert,internal_anchor,Unknown
(empty),#insert-before-and-insert-after,internal_anchor,Unknown
(empty),#clear,internal_anchor,Unknown
(empty),#extract,internal_anchor,Unknown
(empty),#decompose,internal_anchor,Unknown
Tag,#Tag,internal_anchor,Unknown
NavigableString,#NavigableString,internal_anchor,Unknown
(empty),#replace-with,internal_anchor,Unknown
(empty),#wrap,internal_anchor,Unknown
Tag,#Tag,internal_anchor,Unknown
(empty),#unwrap,internal_anchor,Unknown
(empty),#smooth,internal_anchor,Unknown
NavigableString,#NavigableString,internal_anchor,Unknown
(empty),#output,internal_anchor,Unknown
(empty),#pretty-printing,internal_anchor,Unknown
Tag,#Tag,internal_anchor,Unknown
(empty),#non-pretty-printing,internal_anchor,Unknown
Tag,#Tag,internal_anchor,Unknown
Encodings,#encodings,internal_anchor,Unknown
(empty),#output-formatters,internal_anchor,Unknown
(empty),#formatter-objects,internal_anchor,Unknown
(empty),#HTMLFormatter,internal_anchor,Unknown
(empty),#XMLFormatter,internal_anchor,Unknown
(empty),#writing-your-own-formatter,internal_anchor,Unknown
HTMLFormatter,#HTMLFormatter,internal_anchor,Unknown
XMLFormatter,#XMLFormatter,internal_anchor,Unknown
CData,#CData,internal_anchor,Unknown
(empty),#get-text,internal_anchor,Unknown
.stripped_strings,#string-generators,internal_anchor,Unknown
(empty),#specifying-the-parser-to-use,internal_anchor,Unknown
Installing a parser,#installing-a-parser,internal_anchor,Unknown
(empty),#differences-between-parsers,internal_anchor,Unknown
(empty),#encodings,internal_anchor,Unknown
"Unicode, Dammit",#unicode-dammit,internal_anchor,Unknown
(empty),#output-encoding,internal_anchor,Unknown
(empty),#unicode-dammit,internal_anchor,Unknown
(empty),#smart-quotes,internal_anchor,Unknown
(empty),#inconsistent-encodings,internal_anchor,Unknown
(empty),#line-numbers,internal_anchor,Unknown
Tag,#Tag,internal_anchor,Unknown
(empty),#comparing-objects-for-equality,internal_anchor,Unknown
NavigableString,#NavigableString,internal_anchor,Unknown
Tag,#Tag,internal_anchor,Unknown
(empty),#copying-beautiful-soup-objects,internal_anchor,Unknown
Tag,#Tag,internal_anchor,Unknown
NavigableString,#NavigableString,internal_anchor,Unknown
Tag,#Tag,internal_anchor,Unknown
Tag,#Tag,internal_anchor,Unknown
(empty),#low-level-search-interface,internal_anchor,Unknown
Searching the tree,#searching-the-tree,internal_anchor,Unknown
(empty),#custom-element-filtering,internal_anchor,Unknown
(empty),#ElementFilter,internal_anchor,Unknown
ElementFilter,#ElementFilter,internal_anchor,Unknown
Tag,#Tag,internal_anchor,Unknown
NavigableString,#NavigableString,internal_anchor,Unknown
ElementFilter,#ElementFilter,internal_anchor,Unknown
ElementFilter,#ElementFilter,internal_anchor,Unknown
Searching the tree,#searching-the-tree,internal_anchor,Unknown
Tag,#Tag,internal_anchor,Unknown
NavigableString,#NavigableString,internal_anchor,Unknown
ElementFilter,#ElementFilter,internal_anchor,Unknown
Tag,#Tag,internal_anchor,Unknown
NavigableString,#NavigableString,internal_anchor,Unknown
(empty),#custom-element-iteration,internal_anchor,Unknown
(empty),#ElementFilter.filter,internal_anchor,Unknown
ElementFilter,#ElementFilter,internal_anchor,Unknown
ElementFilter.filter(),#ElementFilter.filter,internal_anchor,Unknown
ElementFilter.filter(),#ElementFilter.filter,internal_anchor,Unknown
ElementFilter.filter(),#ElementFilter.filter,internal_anchor,Unknown
(empty),#advanced-parser-customization,internal_anchor,Unknown
(empty),#parsing-only-part-of-a-document,internal_anchor,Unknown
SoupStrainer,#SoupStrainer,internal_anchor,Unknown
SoupStrainer,#SoupStrainer,internal_anchor,Unknown
(empty),#SoupStrainer,internal_anchor,Unknown
SoupStrainer,#SoupStrainer,internal_anchor,Unknown
Searching the tree,#searching-the-tree,internal_anchor,Unknown
name,#name,internal_anchor,Unknown
attrs,#attrs,internal_anchor,Unknown
string,#id11,internal_anchor,Unknown
**kwargs,#kwargs,internal_anchor,Unknown
SoupStrainer,#SoupStrainer,internal_anchor,Unknown
SoupStrainer,#SoupStrainer,internal_anchor,Unknown
SoupStrainer,#SoupStrainer,internal_anchor,Unknown
SoupStrainer,#SoupStrainer,internal_anchor,Unknown
SoupStrainer,#SoupStrainer,internal_anchor,Unknown
SoupStrainer,#SoupStrainer,internal_anchor,Unknown
SoupStrainer,#SoupStrainer,internal_anchor,Unknown
Tag,#Tag,internal_anchor,Unknown
class,https://docs.python.org/3/glossary.html#term-class,external_link,Unknown
(empty),#customizing-multi-valued-attributes,internal_anchor,Unknown
(empty),#handling-duplicate-attributes,internal_anchor,Unknown
(empty),#instantiating-custom-subclasses,internal_anchor,Unknown
Tag,#Tag,internal_anchor,Unknown
NavigableString,#NavigableString,internal_anchor,Unknown
Tag,#Tag,internal_anchor,Unknown
NavigableString,#NavigableString,internal_anchor,Unknown
(empty),#troubleshooting,internal_anchor,Unknown
(empty),#diagnose,internal_anchor,Unknown
(empty),#errors-when-parsing-a-document,internal_anchor,Unknown
Installing a parser,#installing-a-parser,internal_anchor,Unknown
(empty),#version-mismatch-problems,internal_anchor,Unknown
(empty),#parsing-xml,internal_anchor,Unknown
have lxml installed,#parser-installation,internal_anchor,Unknown
(empty),#other-parser-problems,internal_anchor,Unknown
Differences between parsers,#differences-between-parsers,internal_anchor,Unknown
HTML tags and attributes are case-insensitive,http://www.w3.org/TR/html5/syntax.html#syntax,external_link,Unknown
parse the document as XML.,#parsing-xml,internal_anchor,Unknown
(empty),#miscellaneous,internal_anchor,Unknown
this page on the Python wiki,http://wiki.python.org/moin/PrintFails,external_link,Unknown
(empty),#improving-performance,internal_anchor,Unknown
lxml,http://lxml.de/,external_link,Unknown
start,#parser-installation,internal_anchor,Unknown
cchardet,http://pypi.python.org/pypi/cchardet/,external_link,Unknown
Parsing only part of a document,#parsing-only-part-of-a-document,internal_anchor,Unknown
(empty),#translating-this-documentation,internal_anchor,Unknown
(empty),#id16,internal_anchor,Unknown
"a tarball of the final release, 3.2.2",https://www.crummy.com/software/BeautifulSoup/download/3.x/BeautifulSoup-3.2.2.tar.gz,documentation_link,Unknown
The documentation for Beautiful Soup 3 is archived online,http://www.crummy.com/software/BeautifulSoup/bs3/documentation.html,documentation_link,Unknown
(empty),#porting-code-to-bs4,internal_anchor,Unknown
PEP 8 compliance,http://www.python.org/dev/peps/pep-0008/,external_link,Unknown
(empty),#you-need-a-parser,internal_anchor,Unknown
Installing a parser,#installing-a-parser,internal_anchor,Unknown
(empty),#property-names,internal_anchor,Unknown
(empty),#generators,internal_anchor,Unknown
(empty),#xml,internal_anchor,Unknown
(empty),#entities,internal_anchor,Unknown
"Unicode, Dammit",#unicode-dammit,internal_anchor,Unknown
output formatter,#output-formatters,internal_anchor,Unknown
(empty),#id17,internal_anchor,Unknown
Tag.string,#string,internal_anchor,Unknown
Multi-valued attributes,#multi-valued-attributes,internal_anchor,Unknown
Tag,#Tag,internal_anchor,Unknown
Tag,#Tag,internal_anchor,Unknown
Tag,#Tag,internal_anchor,Unknown
string,#id11,internal_anchor,Unknown
name,#name,internal_anchor,Unknown
Tag.string,#string,internal_anchor,Unknown
string,#id11,internal_anchor,Unknown
Table of Contents,#,empty_or_invalid,Unknown
Beautiful Soup Documentation,#,empty_or_invalid,Unknown
Getting help,#getting-help,internal_anchor,Unknown
API documentation,#api-documentation,internal_anchor,Unknown
Quick Start,#quick-start,internal_anchor,Unknown
Installing Beautiful Soup,#installing-beautiful-soup,internal_anchor,Unknown
Installing a parser,#installing-a-parser,internal_anchor,Unknown
Making the soup,#making-the-soup,internal_anchor,Unknown
Kinds of objects,#kinds-of-objects,internal_anchor,Unknown
Tag,#Tag,internal_anchor,Unknown
Tag.name,#Tag.name,internal_anchor,Unknown
Tag.attrs,#Tag.attrs,internal_anchor,Unknown
NavigableString,#NavigableString,internal_anchor,Unknown
Special strings,#special-strings,internal_anchor,Unknown
Comment,#Comment,internal_anchor,Unknown
For HTML documents,#for-html-documents,internal_anchor,Unknown
Stylesheet,#Stylesheet,internal_anchor,Unknown
Script,#Script,internal_anchor,Unknown
Template,#Template,internal_anchor,Unknown
For XML documents,#for-xml-documents,internal_anchor,Unknown
Declaration,#Declaration,internal_anchor,Unknown
Doctype,#Doctype,internal_anchor,Unknown
CData,#CData,internal_anchor,Unknown
ProcessingInstruction,#ProcessingInstruction,internal_anchor,Unknown
Navigating the tree,#navigating-the-tree,internal_anchor,Unknown
Going down,#going-down,internal_anchor,Unknown
Navigating using tag names,#navigating-using-tag-names,internal_anchor,Unknown
.contents and .children,#contents-and-children,internal_anchor,Unknown
.descendants,#descendants,internal_anchor,Unknown
.string,#string,internal_anchor,Unknown
.strings and stripped_strings,#strings-and-stripped-strings,internal_anchor,Unknown
Going up,#going-up,internal_anchor,Unknown
.parent,#parent,internal_anchor,Unknown
.parents,#parents,internal_anchor,Unknown
.self_and_parents,#self-and-parents,internal_anchor,Unknown
Going sideways,#going-sideways,internal_anchor,Unknown
.next_sibling and .previous_sibling,#next-sibling-and-previous-sibling,internal_anchor,Unknown
.next_siblings and .previous_siblings,#next-siblings-and-previous-siblings,internal_anchor,Unknown
Going back and forth,#going-back-and-forth,internal_anchor,Unknown
.next_element and .previous_element,#next-element-and-previous-element,internal_anchor,Unknown
.next_elements and .previous_elements,#next-elements-and-previous-elements,internal_anchor,Unknown
Searching the tree,#searching-the-tree,internal_anchor,Unknown
Kinds of filters,#kinds-of-filters,internal_anchor,Unknown
A string,#a-string,internal_anchor,Unknown
A regular expression,#a-regular-expression,internal_anchor,Unknown
True,#true,internal_anchor,Unknown
A function,#a-function,internal_anchor,Unknown
A list,#a-list,internal_anchor,Unknown
find_all(),#find-all,internal_anchor,Unknown
The name argument,#the-name-argument,internal_anchor,Unknown
The keyword arguments,#the-keyword-arguments,internal_anchor,Unknown
Searching by CSS class,#searching-by-css-class,internal_anchor,Unknown
The string argument,#the-string-argument,internal_anchor,Unknown
The limit argument,#the-limit-argument,internal_anchor,Unknown
The recursive argument,#the-recursive-argument,internal_anchor,Unknown
Calling a tag is like calling find_all(),#calling-a-tag-is-like-calling-find-all,internal_anchor,Unknown
find(),#find,internal_anchor,Unknown
find_parents() and find_parent(),#find-parents-and-find-parent,internal_anchor,Unknown
find_next_siblings() and find_next_sibling(),#find-next-siblings-and-find-next-sibling,internal_anchor,Unknown
find_previous_siblings() and find_previous_sibling(),#find-previous-siblings-and-find-previous-sibling,internal_anchor,Unknown
find_all_next() and find_next(),#find-all-next-and-find-next,internal_anchor,Unknown
find_all_previous() and find_previous(),#find-all-previous-and-find-previous,internal_anchor,Unknown
CSS selectors through the .css property,#css-selectors-through-the-css-property,internal_anchor,Unknown
Advanced Soup Sieve features,#advanced-soup-sieve-features,internal_anchor,Unknown
Namespaces in CSS selectors,#namespaces-in-css-selectors,internal_anchor,Unknown
History of CSS selector support,#history-of-css-selector-support,internal_anchor,Unknown
Modifying the tree,#modifying-the-tree,internal_anchor,Unknown
Changing tag names and attributes,#changing-tag-names-and-attributes,internal_anchor,Unknown
Modifying .string,#modifying-string,internal_anchor,Unknown
append(),#append,internal_anchor,Unknown
extend(),#extend,internal_anchor,Unknown
NavigableString() and .new_tag(),#navigablestring-and-new-tag,internal_anchor,Unknown
insert(),#insert,internal_anchor,Unknown
insert_before() and insert_after(),#insert-before-and-insert-after,internal_anchor,Unknown
clear(),#clear,internal_anchor,Unknown
extract(),#extract,internal_anchor,Unknown
decompose(),#decompose,internal_anchor,Unknown
replace_with(),#replace-with,internal_anchor,Unknown
wrap(),#wrap,internal_anchor,Unknown
unwrap(),#unwrap,internal_anchor,Unknown
smooth(),#smooth,internal_anchor,Unknown
Output,#output,internal_anchor,Unknown
Pretty-printing,#pretty-printing,internal_anchor,Unknown
Non-pretty printing,#non-pretty-printing,internal_anchor,Unknown
Output formatters,#output-formatters,internal_anchor,Unknown
Formatter objects,#formatter-objects,internal_anchor,Unknown
HTMLFormatter,#HTMLFormatter,internal_anchor,Unknown
XMLFormatter,#XMLFormatter,internal_anchor,Unknown
Writing your own formatter,#writing-your-own-formatter,internal_anchor,Unknown
get_text(),#get-text,internal_anchor,Unknown
Specifying the parser to use,#specifying-the-parser-to-use,internal_anchor,Unknown
Differences between parsers,#differences-between-parsers,internal_anchor,Unknown
Encodings,#encodings,internal_anchor,Unknown
Output encoding,#output-encoding,internal_anchor,Unknown
"Unicode, Dammit",#unicode-dammit,internal_anchor,Unknown
Smart quotes,#smart-quotes,internal_anchor,Unknown
Inconsistent encodings,#inconsistent-encodings,internal_anchor,Unknown
Line numbers,#line-numbers,internal_anchor,Unknown
Comparing objects for equality,#comparing-objects-for-equality,internal_anchor,Unknown
Copying Beautiful Soup objects,#copying-beautiful-soup-objects,internal_anchor,Unknown
Low-level search interface,#low-level-search-interface,internal_anchor,Unknown
Custom element filtering,#custom-element-filtering,internal_anchor,Unknown
ElementFilter,#ElementFilter,internal_anchor,Unknown
Custom element iteration,#custom-element-iteration,internal_anchor,Unknown
ElementFilter.filter(),#ElementFilter.filter,internal_anchor,Unknown
Advanced parser customization,#advanced-parser-customization,internal_anchor,Unknown
Parsing only part of a document,#parsing-only-part-of-a-document,internal_anchor,Unknown
SoupStrainer,#SoupStrainer,internal_anchor,Unknown
Customizing multi-valued attributes,#customizing-multi-valued-attributes,internal_anchor,Unknown
Handling duplicate attributes,#handling-duplicate-attributes,internal_anchor,Unknown
Instantiating custom subclasses,#instantiating-custom-subclasses,internal_anchor,Unknown
Troubleshooting,#troubleshooting,internal_anchor,Unknown
diagnose(),#diagnose,internal_anchor,Unknown
Errors when parsing a document,#errors-when-parsing-a-document,internal_anchor,Unknown
Version mismatch problems,#version-mismatch-problems,internal_anchor,Unknown
Parsing XML,#parsing-xml,internal_anchor,Unknown
Other parser problems,#other-parser-problems,internal_anchor,Unknown
Miscellaneous,#miscellaneous,internal_anchor,Unknown
Improving Performance,#improving-performance,internal_anchor,Unknown
Translating this documentation,#translating-this-documentation,internal_anchor,Unknown
Beautiful Soup 3,#id16,internal_anchor,Unknown
Porting code to BS4,#porting-code-to-bs4,internal_anchor,Unknown
You need a parser,#you-need-a-parser,internal_anchor,Unknown
Property names,#property-names,internal_anchor,Unknown
Generators,#generators,internal_anchor,Unknown
XML,#xml,internal_anchor,Unknown
Entities,#entities,internal_anchor,Unknown
Miscellaneous,#id17,internal_anchor,Unknown
Sphinx 7.2.6,https://www.sphinx-doc.org/,external_link,Quick search
Alabaster 0.7.16,https://alabaster.readthedocs.io,external_link,Quick search
Page source,_sources/index.rst.txt,documentation_link,Quick search
