section_id,section_level,section_title,section_text,word_count,code_block_count,link_count
1,h1,Beautiful Soup Documentation," Beautiful Soup is a Python library for pulling data out of HTML and XML files. It works with your favorite parser to provide idiomatic ways of navigating, searching, and modifying the parse tree. It commonly saves programmers hours or days of work. These instructions illustrate all major features of Beautiful Soup 4, with examples. I show you what the library is good for, how it works, how to use it, how to make it do what you want, and what to do when it violates your expectations. This docume...",308,0,14
2,h2,Getting help,"If you have questions about Beautiful Soup, or run into problems, send mail to the discussion group . If your problem involves parsing an HTML document, be sure to mention what the diagnose() function says about that document. When reporting an error in this documentation, please mention which translation you're reading. API documentation  This document is written like an instruction manual, but you can also read traditional API documentation generated from the Beautiful Soup source code. If you...",96,0,4
3,h3,API documentation,"This document is written like an instruction manual, but you can also read traditional API documentation generated from the Beautiful Soup source code. If you want details about Beautiful Soup's internals, or a feature not covered in this document, try the API documentation.",43,0,1
4,h1,Quick Start,"Here's an HTML document I'll be using as an example throughout this document. It's part of a story from Alice in Wonderland : html_doc = """"""<html><head><title>The Dormouse's story</title></head> <body> <p class=""title""><b>The Dormouse's story</b></p> <p class=""story"">Once upon a time there were three little sisters; and their names were <a href=""http://example.com/elsie"" class=""sister"" id=""link1"">Elsie</a>, <a href=""http://example.com/lacie"" class=""sister"" id=""link2"">Lacie</a> and <a href=""http:...",422,6,0
5,h1,Installing Beautiful Soup,"If you're using a recent version of Debian or Ubuntu Linux, you can install Beautiful Soup with the system package manager: $ apt - get install python3 - bs4 Beautiful Soup 4 is published through PyPi, so if you can't install it with the system packager, you can install it with easy_install or pip . The package name is beautifulsoup4 . Make sure you use the right version of pip or easy_install for your Python version (these may be named pip3 and easy_install3 respectively). $ easy_install beauti...",430,18,6
6,h2,Installing a parser,"Beautiful Soup supports the HTML parser included in Python's standard library, but it also supports a number of third-party Python parsers. One is the lxml parser . Depending on your setup, you might install lxml with one of these commands: $ apt - get install python - lxml $ easy_install lxml $ pip install lxml Another alternative is the pure-Python html5lib parser , which parses HTML the way a web browser does. Depending on your setup, you might install html5lib with one of these commands: $ a...",215,5,3
7,h1,Making the soup,"To parse a document, pass it into the BeautifulSoup constructor. You can pass in a string or an open filehandle: from bs4 import BeautifulSoup with open ( ""index.html"" ) as fp : soup = BeautifulSoup ( fp , 'html.parser' ) soup = BeautifulSoup ( ""<html>a web page</html>"" , 'html.parser' ) First, the document is converted to Unicode, and HTML entities are converted to Unicode characters: print ( BeautifulSoup ( ""<html><head></head><body>Sacr&eacute; bleu!</body></html>"" , ""html.parser"" )) # <html>...",108,3,1
8,h1,Kinds of objects,"Beautiful Soup transforms a complex HTML document into a complex tree of Python objects. But you'll only ever have to deal with about four kinds of objects: Tag , NavigableString , BeautifulSoup , and Comment . These objects represent the HTML elements that comprise the page. class Tag  A Tag object corresponds to an XML or HTML tag in the original document. soup = BeautifulSoup ( '<b class=""boldest"">Extremely bold</b>' , 'html.parser' ) tag = soup . b type ( tag ) # <class 'bs4.element.Tag'> Ta...",1513,79,59
9,h2,Multi-valued attributes,"HTML 4 defines a few attributes that can have multiple values. HTML 5 removes a couple of them, but defines a few more. The most common multi-valued attribute is class (that is, a tag can have more than one CSS class). Others include rel , rev , accept-charset , headers , and accesskey . By default, Beautiful Soup stores the value(s) of a multi-valued attribute as a list: css_soup = BeautifulSoup ( '<p class=""body""></p>' , 'html.parser' ) css_soup . p [ 'class' ] # ['body'] css_soup = BeautifulS...",414,18,0
10,h2,Special strings,"Tag , NavigableString , and BeautifulSoup cover almost everything you'll see in an HTML or XML file, but there are a few leftover bits. The main one you'll probably encounter is the Comment . class Comment markup = ""<b><!--Hey, buddy. Want to buy a used parser?--></b>"" soup = BeautifulSoup ( markup , 'html.parser' ) comment = soup . b . string type ( comment ) # <class 'bs4.element.Comment'> The Comment object is just a special type of NavigableString : comment # 'Hey, buddy. Want to buy a used ...",352,24,31
11,h3,For HTML documents,"Beautiful Soup defines a few NavigableString subclasses to contain strings found inside specific HTML tags. This makes it easier to pick out the main body of the page, by ignoring strings that probably represent programming directives found within the page. (These classes are new in Beautiful Soup 4.9.0, and the html5lib parser doesn't use them.) class Stylesheet A NavigableString subclass that represents embedded CSS stylesheets; that is, any strings found inside a <style> tag during document p...",120,7,7
12,h3,For XML documents,"Beautiful Soup defines some NavigableString classes for holding special types of strings that can be found in XML documents. Like Comment , these classes are subclasses of NavigableString that add something extra to the string on output. class Declaration A NavigableString subclass representing the declaration at the beginning of an XML document. class Doctype A NavigableString subclass representing the document type declaration which may be found near the beginning of an XML document. class CDa...",99,7,15
13,h1,Navigating the tree,"Here's the ""Three sisters"" HTML document again: html_doc = """""" <html><head><title>The Dormouse's story</title></head> <body> <p class=""title""><b>The Dormouse's story</b></p> <p class=""story"">Once upon a time there were three little sisters; and their names were <a href=""http://example.com/elsie"" class=""sister"" id=""link1"">Elsie</a>, <a href=""http://example.com/lacie"" class=""sister"" id=""link2"">Lacie</a> and <a href=""http://example.com/tillie"" class=""sister"" id=""link3"">Tillie</a>; and they lived at...",2088,104,20
14,h2,Going down,"Tags may contain strings and more tags. These elements are the tag's children . Beautiful Soup provides a lot of different attributes for navigating and iterating over a tag's children. Note that Beautiful Soup strings don't support any of these attributes, because a string can't have children. Navigating using tag names  The simplest way to navigate the parse tree is to find a tag by name. To do this, you can use the find() method: soup . find ( ""head"" ) # <head><title>The Dormouse's story</tit...",902,47,8
15,h3,Navigating using tag names,"The simplest way to navigate the parse tree is to find a tag by name. To do this, you can use the find() method: soup . find ( ""head"" ) # <head><title>The Dormouse's story</title></head> For convenience, just saying the name of the tag you want is equivalent to find() (if no built-in attribute has that name). If you want the <head> tag, just say soup.head : soup . head # <head><title>The Dormouse's story</title></head> soup . title # <title>The Dormouse's story</title> You can use this trick aga...",196,10,1
16,h3,.contents and .children,"A tag's children are available in a list called .contents : head_tag = soup . head head_tag # <head><title>The Dormouse's story</title></head> head_tag . contents # [<title>The Dormouse's story</title>] title_tag = head_tag . contents [ 0 ] title_tag # <title>The Dormouse's story</title> title_tag . contents # ['The Dormouse's story'] The BeautifulSoup object itself has children. In this case, the <html> tag is the child of the BeautifulSoup object.: len ( soup . contents ) # 1 soup . contents [...",185,10,1
17,h3,.descendants,"The .contents and .children attributes consider only a tag's direct children. For instance, the <head> tag has a single direct child—the <title> tag: head_tag . contents # [<title>The Dormouse's story</title>] But the <title> tag itself has a child: the string ""The Dormouse's story"". There's a sense in which that string is also a child of the <head> tag. The .descendants attribute lets you iterate over all of a tag's children, recursively: its direct children, the children of its direct children...",161,7,0
18,h3,.string,"If a tag has only one child, and that child is a NavigableString , the child is made available as .string : title_tag . string # 'The Dormouse's story' If a tag's only child is another tag, and that tag has a .string , then the parent tag is considered to have the same .string as its child: head_tag . contents # [<title>The Dormouse's story</title>] head_tag . string # 'The Dormouse's story' If a tag contains more than one thing, then it's not clear what .string should refer to, so .string is de...",107,10,1
19,h3,.strings and stripped_strings,"If there's more than one thing inside a tag, you can still look at just the strings. Use the .strings generator to see all descendant strings: for string in soup . strings : print ( repr ( string )) ' \n ' # ""The Dormouse's story"" # '\n' # '\n' # ""The Dormouse's story"" # '\n' # 'Once upon a time there were three little sisters; and their names were\n' # 'Elsie' # ',\n' # 'Lacie' # ' and\n' # 'Tillie' # ';\nand they lived at the bottom of a well.' # '\n' # '...' # '\n' Newlines and spaces that se...",194,4,0
20,h2,Going up,"Continuing the ""family tree"" analogy, every tag and every string has a parent : the tag that contains it. .parent  You can access an element's parent with the .parent attribute. In the example ""three sisters"" document, the <head> tag is the parent of the <title> tag: title_tag = soup . title title_tag # <title>The Dormouse's story</title> title_tag . parent # <head><title>The Dormouse's story</title></head> The title string itself has a parent: the <title> tag that contains it: title_tag . strin...",243,17,3
21,h3,.parent,"You can access an element's parent with the .parent attribute. In the example ""three sisters"" document, the <head> tag is the parent of the <title> tag: title_tag = soup . title title_tag # <title>The Dormouse's story</title> title_tag . parent # <head><title>The Dormouse's story</title></head> The title string itself has a parent: the <title> tag that contains it: title_tag . string . parent # <title>The Dormouse's story</title> The parent of a top-level tag like <html> is the BeautifulSoup obj...",111,8,0
22,h3,.parents,"You can iterate over all of an element's parents with .parents . This example uses .parents to travel from an <a> tag buried deep within the document, to the very top of the document: link = soup . a link # <a class=""sister"" href=""http://example.com/elsie"" id=""link1"">Elsie</a> for parent in link . parents : print ( parent . name ) # p # body # html # [document]",66,3,0
23,h3,.self_and_parents,"The .self_and_parents generator is a variant of .parents which gives you the entire ancestry of an element, including the element itself: for tag in link . self_and_parents : print ( tag . name ) # link # p # body # html # [document]",44,3,0
24,h2,Going sideways,"Consider a simple document like this: sibling_soup = BeautifulSoup ( ""<a><b>text1</b><c>text2</c></a>"" , 'html.parser' ) print ( sibling_soup . prettify ()) # <a> # <b> # text1 # </b> # <c> # text2 # </c> # </a> The <b> tag and the <c> tag are at the same level: they're both direct children of the same tag. We call them siblings . When a document is pretty-printed, siblings show up at the same indentation level. You can also use this relationship in the code you write. .next_sibling and .previou...",460,24,3
25,h3,.next_sibling and .previous_sibling,"You can use .next_sibling and .previous_sibling to navigate between page elements that are on the same level of the parse tree: sibling_soup . b . next_sibling # <c>text2</c> sibling_soup . c . previous_sibling # <b>text1</b> The <b> tag has a .next_sibling , but no .previous_sibling , because there's nothing before the <b> tag on the same level of the tree . For the same reason, the <c> tag has a .previous_sibling but no .next_sibling : print ( sibling_soup . b . previous_sibling ) # None print...",243,16,0
26,h3,.next_siblings and .previous_siblings,"You can iterate over a tag's siblings with .next_siblings or .previous_siblings : for sibling in soup . a . next_siblings : print ( repr ( sibling )) # ',\n' # <a class=""sister"" href=""http://example.com/lacie"" id=""link2"">Lacie</a> # ' and\n' # <a class=""sister"" href=""http://example.com/tillie"" id=""link3"">Tillie</a> # '; and they lived at the bottom of a well.' for sibling in soup . find ( id = ""link3"" ) . previous_siblings : print ( repr ( sibling )) # ' and\n' # <a class=""sister"" href=""http://e...",126,3,1
27,h2,Going back and forth,"Take a look at the beginning of the ""three sisters"" document: # <html><head><title>The Dormouse's story</title></head> # <p class=""title""><b>The Dormouse's story</b></p> An HTML parser takes this string of characters and turns it into a series of events: ""open an <html> tag"", ""open a <head> tag"", ""open a <title> tag"", ""add a string"", ""close the <title> tag"", ""open a <p> tag"", and so on. The order in which the opening tags and strings are encountered is called document order . Beautiful Soup offe...",384,15,2
28,h3,.next_element and .previous_element,"The .next_element attribute of a string or tag points to whatever was parsed immediately after the opening of the current tag or after the current string. It might be the same as .next_sibling , but it's usually drastically different. Here's the final <a> tag in the ""three sisters"" document. Its .next_sibling is a string: the conclusion of the sentence that was interrupted by the start of the <a> tag: last_a_tag = soup . find ( ""a"" , id = ""link3"" ) last_a_tag # <a class=""sister"" href=""http://exa...",230,9,0
29,h3,.next_elements and .previous_elements,"You should get the idea by now. You can use these iterators to move forward or backward in the document as it was parsed: for element in last_a_tag . next_elements : print ( repr ( element )) # 'Tillie' # ';\nand they lived at the bottom of a well.' # '\n' # <p class=""story"">...</p> # '...' # '\n'",58,1,0
30,h1,Searching the tree,"Beautiful Soup defines a lot of methods for searching the parse tree, but they're all very similar. I'm going to spend a lot of time explaining the two most popular methods: find() and find_all() . The other methods take almost exactly the same arguments, so I'll just cover them briefly. Once again, I'll be using the ""three sisters"" document as an example: html_doc = """""" <html><head><title>The Dormouse's story</title></head> <body> <p class=""title""><b>The Dormouse's story</b></p> <p class=""story...",4687,208,117
31,h2,Kinds of filters,"Before talking in detail about find_all() and similar methods, I want to show examples of different filters you can pass into these methods. These filters show up again and again, throughout the search API. You can use them to filter based on a tag's name, on its attributes, on the text of a string, or on some combination of these. A string  The simplest filter is a string. Pass a string to a search method and Beautiful Soup will perform a tag-name match against that exact string. This code find...",607,17,5
32,h3,A string,"The simplest filter is a string. Pass a string to a search method and Beautiful Soup will perform a tag-name match against that exact string. This code finds all the <b> tags in the document: soup . find_all ( 'b' ) # [<b>The Dormouse's story</b>] If you pass in a byte string, Beautiful Soup will assume the string is encoded as UTF-8. You can avoid this by passing in a Unicode string instead.",73,1,0
33,h3,A regular expression,"If you pass in a regular expression object, Beautiful Soup will filter against that regular expression using its search() method. This code finds all the tags whose names start with the letter ""b""; in this case, the <body> tag and the <b> tag: import re for tag in soup . find_all ( re . compile ( ""^b"" )): print ( tag . name ) # body # b This code finds all the tags whose names contain the letter 't': for tag in soup . find_all ( re . compile ( ""t"" )): print ( tag . name ) # html # title",103,3,0
34,h3,True,"The value True matches every tag it can. This code finds all the tags in the document, but none of the text strings: for tag in soup . find_all ( True ): print ( tag . name ) # html # head # title # body # p # b # p # a # a # a # p",60,2,0
35,h3,A function,"If none of the other matches work for you, define a function that takes an element as its only argument. The function should return True if the argument matches, and False otherwise. Here's a function that returns True if a tag defines the ""class"" attribute but doesn't define the ""id"" attribute: def has_class_but_no_id ( tag ): return tag . has_attr ( 'class' ) and not tag . has_attr ( 'id' ) Pass this function into find_all() and you'll pick up all the <p> tags: soup . find_all ( has_class_but_...",228,8,0
36,h3,A list,"If you pass in a list, Beautiful Soup will look for a match against any string, regular expression, or function in that list. This code finds all the <a> tags and all the <b> tags: soup . find_all ([ ""a"" , ""b"" ]) # [<b>The Dormouse's story</b>, # <a class=""sister"" href=""http://example.com/elsie"" id=""link1"">Elsie</a>, # <a class=""sister"" href=""http://example.com/lacie"" id=""link2"">Lacie</a>, # <a class=""sister"" href=""http://example.com/tillie"" id=""link3"">Tillie</a>] Now we're ready to look at the ...",73,1,0
37,h2,find_all(),"Method signature: find_all( name , attrs , recursive , string , limit , **kwargs ) The find_all() method looks through a tag's descendants and retrieves all descendants that match your filters. I gave several examples in Kinds of filters , but here are a few more: soup . find_all ( ""title"" ) # [<title>The Dormouse's story</title>] soup . find_all ( ""p"" , ""title"" ) # [<p class=""title""><b>The Dormouse's story</b></p>] soup . find_all ( ""a"" ) # [<a class=""sister"" href=""http://example.com/elsie"" id=...",1665,79,31
38,h3,The name argument,"Pass in a value for name and you'll tell Beautiful Soup to only consider tags with certain names. Text strings will be ignored, as will tags whose names that don't match. This is the simplest usage: soup . find_all ( ""title"" ) # [<title>The Dormouse's story</title>] Recall from Kinds of filters that the value to name can be a string , a regular expression , a list , a function , or the value True .",76,3,6
39,h3,The keyword arguments,"Any keyword argument that's not recognized will be turned into a filter that matches tags by their attributes. If you pass in a value for an argument called id , Beautiful Soup will filter against each tag's 'id' attribute value: soup . find_all ( id = 'link2' ) # [<a class=""sister"" href=""http://example.com/lacie"" id=""link2"">Lacie</a>] Just as with tags, you can filter an attribute based on a string , a regular expression , a list , a function , or the value True . If you pass in a regular expre...",500,21,5
40,h3,Searching by CSS class,"It's very useful to search for a tag that has a certain CSS class, but the name of the CSS attribute, ""class"", is a reserved word in Python. Using class as a keyword argument will give you a syntax error. As of Beautiful Soup 4.1.2, you can search by CSS class using the keyword argument class_ : soup . find_all ( ""a"" , class_ = ""sister"" ) # [<a class=""sister"" href=""http://example.com/elsie"" id=""link1"">Elsie</a>, # <a class=""sister"" href=""http://example.com/lacie"" id=""link2"">Lacie</a>, # <a class...",381,15,2
41,h3,The string argument,"With the string argument, you can search for strings instead of tags. As with name and attribute keyword arguments, you can pass in a string , a regular expression , a function , a list , or the value True . Here are some examples: soup . find_all ( string = ""Elsie"" ) # ['Elsie'] soup . find_all ( string = [ ""Tillie"" , ""Elsie"" , ""Lacie"" ]) # ['Elsie', 'Lacie', 'Tillie'] soup . find_all ( string = re . compile ( ""Dormouse"" )) # [""The Dormouse's story"", ""The Dormouse's story""] def is_the_only_stri...",219,11,5
42,h3,The limit argument,"find_all() returns all the tags and strings that match your filters. This can take a while if the document is large. If you don't need all the results, you can pass in a number for limit . This works just like the LIMIT keyword in SQL. It tells Beautiful Soup to stop gathering results after it's found a certain number. There are three links in the ""three sisters"" document, but this code only finds the first two: soup . find_all ( ""a"" , limit = 2 ) # [<a class=""sister"" href=""http://example.com/el...",97,3,0
43,h3,The recursive argument,"By default, mytag.find_all() will examine all the descendants of mytag : its children, its children's children, and so on. To consider only direct children, you can pass in recursive=False . See the difference here: soup . html . find_all ( ""title"" ) # [<title>The Dormouse's story</title>] soup . html . find_all ( ""title"" , recursive = False ) # [] Here's that part of the document: < html > < head > < title > The Dormouse 's story </ title > </ head > ... The <title> tag is beneath the <html> ta...",196,16,0
44,h2,Calling a tag is like calling find_all(),"For convenience, calling a BeautifulSoup object or Tag object as a function is equivalent to calling find_all() (if no built-in method has the name of the tag you're looking for). These two lines of code are equivalent: soup . find_all ( ""a"" ) soup ( ""a"" ) These two lines are also equivalent: soup . title . find_all ( string = True ) soup . title ( string = True )",71,5,1
45,h2,find(),"Method signature: find( name , attrs , recursive , string , **kwargs ) The find_all() method scans the entire document looking for results, but sometimes you only want to find one result. If you know a document has only one <body> tag, it's a waste of time to scan the entire document looking for more. Rather than passing in limit=1 every time you call find_all , you can use the find() method. These two lines of code are nearly equivalent: soup . find_all ( 'title' , limit = 1 ) # [<title>The Dor...",194,14,6
46,h2,find_parents() and find_parent(),"Method signature: find_parents( name , attrs , string , limit , **kwargs ) Method signature: find_parent( name , attrs , string , **kwargs ) I spent a lot of time above covering find_all() and find() . The Beautiful Soup API defines ten other methods for searching the tree, but don't be afraid. Five of these methods are basically the same as find_all() , and the other five are basically the same as find() . The only differences are in how they move from one part of the tree to another. First let...",347,13,11
47,h2,find_next_siblings() and find_next_sibling(),"Method signature: find_next_siblings( name , attrs , string , limit , **kwargs ) Method signature: find_next_sibling( name , attrs , string , **kwargs ) These methods use .next_siblings to iterate over the rest of an element's siblings in the tree. The find_next_siblings() method returns all the siblings that match, and find_next_sibling() returns only the first one: first_link = soup . a first_link # <a class=""sister"" href=""http://example.com/elsie"" id=""link1"">Elsie</a> first_link . find_next_s...",102,3,10
48,h2,find_previous_siblings() and find_previous_sibling(),"Method signature: find_previous_siblings( name , attrs , string , limit , **kwargs ) Method signature: find_previous_sibling( name , attrs , string , **kwargs ) These methods use .previous_siblings to iterate over an element's siblings that precede it in the tree. The find_previous_siblings() method returns all the siblings that match, and find_previous_sibling() returns only the first one: last_link = soup . find ( ""a"" , id = ""link3"" ) last_link # <a class=""sister"" href=""http://example.com/till...",111,3,10
49,h2,find_all_next() and find_next(),"Method signature: find_all_next( name , attrs , string , limit , **kwargs ) Method signature: find_next( name , attrs , string , **kwargs ) These methods use .next_elements to iterate over whatever tags and strings that come after it in the document. The find_all_next() method returns all matches, and find_next() returns only the first match: first_link = soup . a first_link # <a class=""sister"" href=""http://example.com/elsie"" id=""link1"">Elsie</a> first_link . find_all_next ( string = True ) # ['...",180,3,11
50,h2,find_all_previous() and find_previous(),"Method signature: find_all_previous( name , attrs , string , limit , **kwargs ) Method signature: find_previous( name , attrs , string , **kwargs ) These methods use .previous_elements to iterate over the tags and strings that came before it in the document. The find_all_previous() method returns all matches, and find_previous() only returns the first match: first_link = soup . a first_link # <a class=""sister"" href=""http://example.com/elsie"" id=""link1"">Elsie</a> first_link . find_all_previous ( ...",177,4,11
51,h2,CSS selectors through the .css property,"BeautifulSoup and Tag objects support CSS selectors through their .css property. The actual selector implementation is handled by the Soup Sieve package, available on PyPI as soupsieve . If you installed Beautiful Soup through pip , Soup Sieve was installed at the same time, so you don't have to do anything extra. The Soup Sieve documentation lists all the currently supported CSS selectors , but here are some of the basics. You can find tags by name: soup . css . select ( ""title"" ) # [<title>The...",1052,49,11
52,h3,Advanced Soup Sieve features,"Soup Sieve offers a substantial API beyond the select() and select_one() methods, and you can access most of that API through the .css attribute of Tag or BeautifulSoup . What follows is just a list of the supported methods; see the Soup Sieve documentation for full documentation. The iselect() method works the same as select() , but it returns a generator instead of a list: [ tag [ 'id' ] for tag in soup . css . iselect ( "".sister"" )] # ['link1', 'link2', 'link3'] The closest() method returns t...",252,19,4
53,h3,Namespaces in CSS selectors,"If you've parsed XML that defines namespaces, you can use them in CSS selectors.: from bs4 import BeautifulSoup xml = """"""<tag xmlns:ns1=""http://namespace1/"" xmlns:ns2=""http://namespace2/""> <ns1:child>I'm in namespace 1</ns1:child> <ns2:child>I'm in namespace 2</ns2:child> </tag> """""" namespace_soup = BeautifulSoup ( xml , ""xml"" ) namespace_soup . css . select ( ""child"" ) # [<ns1:child>I'm in namespace 1</ns1:child>, <ns2:child>I'm in namespace 2</ns2:child>] namespace_soup . css . select ( ""ns1|c...",129,2,0
54,h3,History of CSS selector support,"The .css property was added in Beautiful Soup 4.12.0. Prior to this, only the .select() and .select_one() convenience methods were supported. The Soup Sieve integration was added in Beautiful Soup 4.7.0. Earlier versions had the .select() method, but only the most commonly-used CSS selectors were supported.",46,4,0
55,h1,Modifying the tree,"Beautiful Soup's main strength is in searching the parse tree, but you can also modify the tree and write your changes as a new HTML or XML document. Changing tag names and attributes  I covered this earlier, in Tag.attrs , but it bears repeating. You can rename a tag, change the values of its attributes, add new attributes, and delete attributes: soup = BeautifulSoup ( '<b class=""boldest"">Extremely bold</b>' , 'html.parser' ) tag = soup . b tag . name = ""blockquote"" tag [ 'class' ] = 'verybold'...",1570,75,23
56,h2,Changing tag names and attributes,"I covered this earlier, in Tag.attrs , but it bears repeating. You can rename a tag, change the values of its attributes, add new attributes, and delete attributes: soup = BeautifulSoup ( '<b class=""boldest"">Extremely bold</b>' , 'html.parser' ) tag = soup . b tag . name = ""blockquote"" tag [ 'class' ] = 'verybold' tag [ 'id' ] = 1 tag # <blockquote class=""verybold"" id=""1"">Extremely bold</blockquote> del tag [ 'class' ] del tag [ 'id' ] tag # <blockquote>Extremely bold</blockquote>",80,2,1
57,h2,Modifying .string,"If you set a tag's .string attribute to a new string, the tag's contents are replaced with that string: markup = '<a href=""http://example.com/"">I linked to <i>example.com</i></a>' soup = BeautifulSoup ( markup , 'html.parser' ) tag = soup . a tag . string = ""New link text."" tag # <a href=""http://example.com/"">New link text.</a> Be careful: if the tag contained other tags, they and all their contents will be destroyed.",68,2,0
58,h2,append(),"You can add to a tag's contents with Tag.append() . It works just like calling .append() on a Python list: soup = BeautifulSoup ( ""<a>Foo</a>"" , 'html.parser' ) new_string = soup . a . append ( ""Bar"" ) soup # <a>FooBar</a> soup . a . contents # ['Foo', 'Bar'] new_string # 'Bar' Tag.append() returns the newly appended element.",58,4,0
59,h2,extend(),"Starting in Beautiful Soup 4.7.0, Tag also supports a method called .extend() , which adds every element of a list to a Tag , in order: soup = BeautifulSoup ( ""<a>Soup</a>"" , 'html.parser' ) soup . a . extend ([ ""'s"" , "" "" , ""on"" ]) soup # <a>Soup's on</a> soup . a . contents # ['Soup', ''s', ' ', 'on'] Tag.extend() returns the list of appended elements.",69,5,2
60,h2,NavigableString() and .new_tag(),"If you need to add a string to a document, no problem—you can pass a Python string in to append() , or you can call the NavigableString constructor: from bs4 import NavigableString soup = BeautifulSoup ( ""<b></b>"" , 'html.parser' ) tag = soup . b tag . append ( ""Hello"" ) new_string = NavigableString ( "" there"" ) tag . append ( new_string ) tag # <b>Hello there.</b> tag . contents # ['Hello', ' there'] If you want to create a comment or some other subclass of NavigableString , just call the const...",265,8,2
61,h2,insert(),"Tag.insert() is just like Tag.append() , except the new element doesn't necessarily go at the end of its parent's .contents . It will be inserted at whatever numeric position you say, similar to .insert() on a Python list: markup = '<a href=""http://example.com/"">I linked to <i>example.com</i></a>' soup = BeautifulSoup ( markup , 'html.parser' ) tag = soup . a new_string = tag . insert ( 1 , ""but did not endorse "" ) tag # <a href=""http://example.com/"">I linked to but did not endorse <i>example.co...",135,7,0
62,h2,insert_before() and insert_after(),"The insert_before() method inserts tags or strings immediately before something else in the parse tree: soup = BeautifulSoup ( ""<b>leave</b>"" , 'html.parser' ) tag = soup . new_tag ( ""i"" ) tag . string = ""Don't"" soup . b . string . insert_before ( tag ) soup . b # <b><i>Don't</i>leave</b> The insert_after() method inserts tags or strings immediately after something else in the parse tree: div = soup . new_tag ( 'div' ) div . string = 'ever' soup . b . i . insert_after ( "" you "" , div ) soup . b ...",121,4,0
63,h2,clear(),"Tag.clear() removes the contents of a tag: markup = '<a href=""http://example.com/"">I linked to <i>example.com</i></a>' soup = BeautifulSoup ( markup , 'html.parser' ) tag = soup . a tag . clear () tag # <a href=""http://example.com/""></a>",35,2,0
64,h2,extract(),"PageElement.extract() removes a tag or string from the tree. It returns the tag or string that was extracted: markup = '<a href=""http://example.com/"">I linked to <i>example.com</i></a>' soup = BeautifulSoup ( markup , 'html.parser' ) a_tag = soup . a i_tag = soup . i . extract () a_tag # <a href=""http://example.com/"">I linked to</a> i_tag # <i>example.com</i> print ( i_tag . parent ) # None At this point you effectively have two parse trees: one rooted at the BeautifulSoup object you used to par...",130,5,0
65,h2,decompose(),"Tag.decompose() removes a tag from the tree, then completely destroys it and its contents : markup = '<a href=""http://example.com/"">I linked to <i>example.com</i></a>' soup = BeautifulSoup ( markup , 'html.parser' ) a_tag = soup . a i_tag = soup . i i_tag . decompose () a_tag # <a href=""http://example.com/"">I linked to</a> The behavior of a decomposed Tag or NavigableString is not defined and you should not use it for anything. If you're not sure whether something has been decomposed, you can ch...",100,6,2
66,h2,replace_with(),"PageElement.replace_with() extracts a tag or string from the tree, then replaces it with one or more tags or strings of your choice: markup = '<a href=""http://example.com/"">I linked to <i>example.com</i></a>' soup = BeautifulSoup ( markup , 'html.parser' ) a_tag = soup . a new_tag = soup . new_tag ( ""b"" ) new_tag . string = ""example.com"" a_tag . i . replace_with ( new_tag ) a_tag # <a href=""http://example.com/"">I linked to <b>example.com</b></a> bold_tag = soup . new_tag ( ""b"" ) bold_tag . strin...",154,3,0
67,h2,wrap(),"PageElement.wrap() wraps an element in the Tag object you specify. It returns the new wrapper: soup = BeautifulSoup ( ""<p>I wish I was bold.</p>"" , 'html.parser' ) soup . p . string . wrap ( soup . new_tag ( ""b"" )) # <b>I wish I was bold.</b> soup . p . wrap ( soup . new_tag ( ""div"" )) # <div><p><b>I wish I was bold.</b></p></div> This method is new in Beautiful Soup 4.0.5.",73,3,1
68,h2,unwrap(),"Tag.unwrap() is the opposite of wrap() . It replaces a tag with whatever's inside that tag. It's good for stripping out markup: markup = '<a href=""http://example.com/"">I linked to <i>example.com</i></a>' soup = BeautifulSoup ( markup , 'html.parser' ) a_tag = soup . a a_tag . i . unwrap () a_tag # <a href=""http://example.com/"">I linked to example.com</a> Like replace_with() , unwrap() returns the tag that was replaced.",65,5,0
69,h2,smooth(),"After calling a bunch of methods that modify the parse tree, you may end up with two or more NavigableString objects next to each other. Beautiful Soup doesn't have any problems with this, but since it can't happen in a freshly parsed document, you might not expect behavior like the following: soup = BeautifulSoup ( ""<p>A one</p>"" , 'html.parser' ) soup . p . append ( "", a two"" ) soup . p . contents # ['A one', ', a two'] print ( soup . p . encode ()) # b'<p>A one, a two</p>' print ( soup . p . ...",166,4,1
70,h1,Output,"Pretty-printing  The prettify() method will turn a Beautiful Soup parse tree into a nicely formatted Unicode string, with a separate line for each tag and each string: markup = '<html><head><body><a href=""http://example.com/"">I linked to <i>example.com</i></a>' soup = BeautifulSoup ( markup , 'html.parser' ) soup . prettify () # '<html>\n <head>\n </head>\n <body>\n <a href=""http://example.com/"">\n...' print ( soup . prettify ()) # <html> # <head> # </head> # <body> # <a href=""http://example.com...",1393,49,15
71,h2,Pretty-printing,"The prettify() method will turn a Beautiful Soup parse tree into a nicely formatted Unicode string, with a separate line for each tag and each string: markup = '<html><head><body><a href=""http://example.com/"">I linked to <i>example.com</i></a>' soup = BeautifulSoup ( markup , 'html.parser' ) soup . prettify () # '<html>\n <head>\n </head>\n <body>\n <a href=""http://example.com/"">\n...' print ( soup . prettify ()) # <html> # <head> # </head> # <body> # <a href=""http://example.com/""> # I linked to...",167,8,1
72,h2,Non-pretty printing,"If you just want a string, with no fancy formatting, you can call str() on a BeautifulSoup object, or on a Tag within it: str ( soup ) # '<html><head></head><body><a href=""http://example.com/"">I linked to <i>example.com</i></a></body></html>' str ( soup . a ) # '<a href=""http://example.com/"">I linked to <i>example.com</i></a>' The str() function returns a string encoded in UTF-8. See Encodings for other options. You can also call encode() to get a bytestring, and decode() to get Unicode.",74,7,2
73,h2,Output formatters,"If you give Beautiful Soup a document that contains HTML entities like ""&lquot;"", they'll be converted to Unicode characters: soup = BeautifulSoup ( ""&ldquo;Dammit!&rdquo; he said."" , 'html.parser' ) str ( soup ) # '“Dammit!” he said.' If you then convert the document to a bytestring, the Unicode characters will be encoded as UTF-8. You won't get the HTML entities back: soup . encode ( ""utf8"" ) # b'\xe2\x80\x9cDammit!\xe2\x80\x9d he said.' By default, the only characters that are escaped upon ou...",874,28,7
74,h3,Formatter objects,"If you need more sophisticated control over your output, you can instantiate one of Beautiful Soup's formatter classes and pass that object in as formatter . class HTMLFormatter Used to customize the formatting rules for HTML documents. Here's a formatter that converts strings to uppercase, whether they occur in a string object or an attribute value: from bs4.formatter import HTMLFormatter def uppercase ( str ): return str . upper () formatter = HTMLFormatter ( uppercase ) print ( soup . prettif...",165,3,2
75,h3,Writing your own formatter,"Subclassing HTMLFormatter or XMLFormatter will give you even more control over the output. For example, Beautiful Soup sorts the attributes in every tag by default: attr_soup = BeautifulSoup ( b '<p z=""1"" m=""2"" a=""3""></p>' , 'html.parser' ) print ( attr_soup . p . encode ()) # <p a=""3"" m=""2"" z=""1""></p> To turn this off, you can subclass the Formatter.attributes() method, which controls which attributes are output and in what order. This implementation also filters out the attribute called ""m"" wh...",233,7,3
76,h2,get_text(),"If you only want the human-readable text inside a document or tag, you can use the get_text() method. It returns all the text in a document or beneath a tag, as a single Unicode string: markup = '<a href=""http://example.com/""> \n I linked to <i>example.com</i> \n </a>' soup = BeautifulSoup ( markup , 'html.parser' ) soup . get_text () ' \n I linked to example.com \n ' soup . i . get_text () 'example.com' You can specify a string to be used to join the bits of text together: # soup.get_text(""|"") ...",272,5,1
77,h1,Specifying the parser to use,"If you just need to parse some HTML, you can dump the markup into the BeautifulSoup constructor, and it'll probably be fine. Beautiful Soup will pick a parser for you and parse the data. But there are a few additional arguments you can pass in to the constructor to change which parser is used. The first argument to the BeautifulSoup constructor is a string or an open filehandle—the source of the markup you want parsed. The second argument is how you'd like the markup parsed. If you don't specify...",638,8,2
78,h2,Differences between parsers,"Beautiful Soup presents the same interface to a number of different parsers, but each parser is different. Different parsers will create different parse trees from the same document. The biggest differences are between the HTML parsers and the XML parsers. Here's a short document, parsed as HTML using the parser that comes with Python: BeautifulSoup ( ""<a><b/></a>"" , ""html.parser"" ) # <a><b></b></a> Since a standalone <b/> tag is not valid HTML, html.parser turns it into a <b></b> tag pair. Here...",403,6,0
79,h1,Encodings,"Any HTML or XML document is written in a specific encoding like ASCII or UTF-8. But when you load that document into Beautiful Soup, you'll discover it's been converted to Unicode: markup = b ""<h1>Sacr \xc3\xa9 bleu!</h1>"" soup = BeautifulSoup ( markup , 'html.parser' ) soup . h1 # <h1>Sacré bleu!</h1> soup . h1 . string # 'Sacr\xe9 bleu!' It's not magic. (That sure would be nice.) Beautiful Soup uses a sub-library called Unicode, Dammit to detect a document's encoding and convert it to Unicode....",1389,48,5
80,h2,Output encoding,"When you write out an output document from Beautiful Soup, you get a UTF-8 document, even if the input document wasn't in UTF-8 to begin with. Here's a document written in the Latin-1 encoding: markup = b ''' <html> <head> <meta content=""text/html; charset=ISO-Latin-1"" http-equiv=""Content-type"" /> </head> <body> <p>Sacr \xe9 bleu!</p> </body> </html> ''' soup = BeautifulSoup ( markup , 'html.parser' ) print ( soup . prettify ()) # <html> # <head> # <meta content=""text/html; charset=utf-8"" http-e...",298,7,0
81,h2,"Unicode, Dammit","You can use Unicode, Dammit without using Beautiful Soup. It's useful whenever you have data in an unknown encoding and you just want it to become Unicode: from bs4 import UnicodeDammit dammit = UnicodeDammit ( b "" \xc2\xab Sacr \xc3\xa9 bleu! \xc2\xbb "" ) print ( dammit . unicode_markup ) # «Sacré bleu!» dammit . original_encoding # 'utf-8' Unicode, Dammit's guesses will get a lot more accurate if you install one of these Python libraries: charset-normalizer , chardet , or cchardet . The more d...",600,20,2
82,h3,Smart quotes,"You can use Unicode, Dammit to convert Microsoft smart quotes to HTML or XML entities: markup = b ""<p>I just \x93 love \x94 Microsoft Word \x92 s smart quotes</p>"" UnicodeDammit ( markup , [ ""windows-1252"" ], smart_quotes_to = ""html"" ) . unicode_markup # '<p>I just &ldquo;love&rdquo; Microsoft Word&rsquo;s smart quotes</p>' UnicodeDammit ( markup , [ ""windows-1252"" ], smart_quotes_to = ""xml"" ) . unicode_markup # '<p>I just &#x201C;love&#x201D; Microsoft Word&#x2019;s smart quotes</p>' You can al...",151,3,0
83,h3,Inconsistent encodings,"Sometimes a document is mostly in UTF-8, but contains Windows-1252 characters such as (again) Microsoft smart quotes. This can happen when a website includes data from multiple sources. You can use UnicodeDammit.detwingle() to turn such a document into pure UTF-8. Here's a simple example: snowmen = ( u "" \N{SNOWMAN} "" * 3 ) quote = ( u "" \N{LEFT DOUBLE QUOTATION MARK} I like snowmen! \N{RIGHT DOUBLE QUOTATION MARK} "" ) doc = snowmen . encode ( ""utf8"" ) + quote . encode ( ""windows_1252"" ) This do...",291,12,0
84,h1,Line numbers,"The html.parser and html5lib parsers can keep track of where in the original document each Tag was found. You can access this information as Tag.sourceline (line number) and Tag.sourcepos (position of the start tag within a line): Note that the two parsers mean slightly different things by sourcepos . For html.parser, sourcepos points to the first character of the opening tag: markup = '<p class=""1"" \n >Paragraph 1</p> \n <p class=""2"">Paragraph 2</p>' print ( markup ) # Line 1: <p class=""1"" # Li...",297,13,1
85,h1,Comparing objects for equality,"Beautiful Soup says that two NavigableString or Tag objects are equal when they represent the same HTML or XML markup, even if their attributes are in a different order or they live in different parts of the object tree. In this example, the two <b> tags are treated as equal, because they both look like ""<b>pizza</b>"": markup = ""<p>I want <b>pizza</b> and more <b>pizza</b>!</p>"" soup = BeautifulSoup ( markup , 'html.parser' ) first_b , second_b = soup . find_all ( 'b' ) print ( first_b == second...",127,4,2
86,h1,Copying Beautiful Soup objects,"You can use copy.copy() to create a copy of any Tag or NavigableString : import copy p_copy = copy . copy ( soup . p ) print ( p_copy ) # <p>I want <b>pizza</b> and more <b>pizza</b>!</p> The copy is considered equal to the original, since it represents the same markup as the original, but it's not the same object: print ( soup . p == p_copy ) # True print ( soup . p is p_copy ) # False The only real difference is that the copy is completely detached from the original Beautiful Soup object tree,...",187,11,4
87,h1,Low-level search interface,"Almost everyone who uses Beautiful Soup to extract information from a document can get what they need using the methods described in Searching the tree . However, there's a lower-level interface that lets you define any matching behavior you want. Behind the scenes, the parts of the Beautiful Soup API that most people use-- find_all() and the like—are actually using this low-level interface, and you can use it directly. (Access to the low-level search interface is a new feature in Beautiful Soup...",716,31,20
88,h2,Custom element filtering,"class ElementFilter The ElementFilter class is your entry point to the low-level interface. To use it, define a function that takes a PageElement object (which could be either a Tag or a NavigableString ). The function must return True if the element matches your custom criteria, and False if it doesn't. This example function looks for content-containing tags and strings, but skips whitespace-only strings: from bs4 import Tag , NavigableString def non_whitespace_element_func ( tag_or_string ): ""...",630,30,18
89,h3,Custom element iteration,"ElementFilter. filter ( ) By passing an ElementFilter instance into Beautiful Soup's tree-searching methods, you can completely customize what it means for Beautiful Soup to match an element as it iterates over the parse tree. By using the ElementFilter.filter() method, you can also completely customize what it means for Beautiful Soup to iterate over the parse tree in the first place. The ElementFilter.filter() method takes a generator that yields a stream of PageElement objects. There is no re...",297,10,5
90,h1,Advanced parser customization,Beautiful Soup offers a number of ways to customize how the parser treats incoming HTML and XML. This section covers the most commonly used customization techniques. Parsing only part of a document  Let's say you want to use Beautiful Soup to look at a document's <a> tags. It's a waste of time and memory to parse the entire document and then go over it again looking for <a> tags. It would be much faster to ignore everything that wasn't an <a> tag in the first place. The SoupStrainer class allows...,1139,35,26
91,h2,Parsing only part of a document,Let's say you want to use Beautiful Soup to look at a document's <a> tags. It's a waste of time and memory to parse the entire document and then go over it again looking for <a> tags. It would be much faster to ignore everything that wasn't an <a> tag in the first place. The SoupStrainer class allows you to choose which parts of an incoming document are parsed. You just create a SoupStrainer and pass it in to the BeautifulSoup constructor as the parse_only argument. (Note that this feature won't...,545,16,18
92,h2,Customizing multi-valued attributes,"In an HTML document, an attribute like class is given a list of values, and an attribute like id is given a single value, because the HTML specification treats those attributes differently: markup = '<a class=""cls1 cls2"" id=""id1 id2"">' soup = BeautifulSoup ( markup , 'html.parser' ) soup . a [ 'class' ] # ['cls1', 'cls2'] soup . a [ 'id' ] # 'id1 id2' You can turn this off by passing in multi_valued_attributes=None . Than all attributes will be given a single value: soup = BeautifulSoup ( markup...",162,7,0
93,h2,Handling duplicate attributes,"When using the html.parser parser, you can use the on_duplicate_attribute constructor argument to customize what Beautiful Soup does when it encounters a tag that defines the same attribute more than once: markup = '<a href=""http://url1/"" href=""http://url2/"">' The default behavior is to use the last value found for the tag: soup = BeautifulSoup ( markup , 'html.parser' ) soup . a [ 'href' ] # http://url2/ soup = BeautifulSoup ( markup , 'html.parser' , on_duplicate_attribute = 'replace' ) soup ....",224,7,0
94,h2,Instantiating custom subclasses,"When a parser tells Beautiful Soup about a tag or a string, Beautiful Soup will instantiate a Tag or NavigableString object to contain that information. Instead of that default behavior, you can tell Beautiful Soup to instantiate subclasses of Tag or NavigableString , subclasses you define with custom behavior: from bs4 import Tag , NavigableString class MyTag ( Tag ): pass class MyString ( NavigableString ): pass markup = ""<div>some text</div>"" soup = BeautifulSoup ( markup , 'html.parser' ) is...",167,5,4
95,h1,Troubleshooting,"diagnose()  If you're having trouble understanding what Beautiful Soup does to a document, pass the document into the diagnose() function. (This function is new in Beautiful Soup 4.2.0.) Beautiful Soup will print out a report showing you how different parsers handle the document, and tell you if you're missing a parser that Beautiful Soup could be using: from bs4.diagnose import diagnose with open ( ""bad.html"" ) as fp : data = fp . read () diagnose ( data ) # Diagnostic running on Beautiful Soup...",1065,40,17
96,h2,diagnose(),"If you're having trouble understanding what Beautiful Soup does to a document, pass the document into the diagnose() function. (This function is new in Beautiful Soup 4.2.0.) Beautiful Soup will print out a report showing you how different parsers handle the document, and tell you if you're missing a parser that Beautiful Soup could be using: from bs4.diagnose import diagnose with open ( ""bad.html"" ) as fp : data = fp . read () diagnose ( data ) # Diagnostic running on Beautiful Soup 4.2.0 # Pyt...",159,3,0
97,h2,Errors when parsing a document,"There are two different kinds of parse errors. There are crashes, where you feed a document to Beautiful Soup and it raises an exception (usually an HTMLParser.HTMLParseError ). And there is unexpected behavior, where a Beautiful Soup parse tree looks a lot different than the document used to create it. These problems are almost never problems with Beautiful Soup itself. This is not because Beautiful Soup is an amazingly well-written piece of software. It's because Beautiful Soup doesn't include...",144,2,1
98,h2,Version mismatch problems,"SyntaxError: Invalid syntax (on the line ROOT_TAG_NAME = '[document]' ): Caused by running an old Python 2 version of Beautiful Soup under Python 3, without converting the code. ImportError: No module named HTMLParser - Caused by running an old Python 2 version of Beautiful Soup under Python 3. ImportError: No module named html.parser - Caused by running the Python 3 version of Beautiful Soup under Python 2. ImportError: No module named BeautifulSoup - Caused by running Beautiful Soup 3 code in ...",127,7,0
99,h2,Parsing XML,"By default, Beautiful Soup parses documents as HTML. To parse a document as XML, pass in ""xml"" as the second argument to the BeautifulSoup constructor: soup = BeautifulSoup ( markup , ""xml"" ) You'll need to have lxml installed .",40,2,1
100,h2,Other parser problems,"If your script works on one computer but not another, or in one virtual environment but not another, or outside the virtual environment but not inside, it's probably because the two environments have different parser libraries available. For example, you may have developed the script on a computer that has lxml installed, and then tried to run it on a computer that only has html5lib installed. See Differences between parsers for why this matters, and fix the problem by mentioning a specific pars...",135,1,3
101,h2,Miscellaneous,"UnicodeEncodeError: 'charmap' codec can't encode character '\xfoo' in position bar (or just about any other UnicodeEncodeError ) - This problem shows up in two main situations. First, when you try to print a Unicode character that your console doesn't know how to display. (See this page on the Python wiki for help.) Second, when you're writing to a file and you pass in a Unicode character that's not supported by your default encoding. In this case, the simplest solution is to explicitly encode t...",304,24,1
102,h2,Improving Performance,"Beautiful Soup will never be as fast as the parsers it sits on top of. If response time is critical, if you're paying for computer time by the hour, or if there's any other reason why computer time is more valuable than programmer time, you should forget about Beautiful Soup and work directly atop lxml . That said, there are things you can do to speed up Beautiful Soup. If you're not using lxml as the underlying parser, my advice is to start . Beautiful Soup parses documents significantly faster...",139,0,4
103,h1,Translating this documentation,"New translations of the Beautiful Soup documentation are greatly appreciated. Translations should be licensed under the MIT license, just like Beautiful Soup and its English documentation are. There are two ways of getting your translation into the main code base and onto the Beautiful Soup website: Create a branch of the Beautiful Soup repository, add your translation, and propose a merge with the main branch, the same as you would do with a proposed change to the source code. Send a message to...",144,1,0
104,h1,Beautiful Soup 3,"Beautiful Soup 3 is the previous release series, and is no longer supported. Development of Beautiful Soup 3 stopped in 2012, and the package was completely discontinued in 2021. There's no reason to install it unless you're trying to get very old software to work, but it's published through PyPi as BeautifulSoup : $ pip install BeautifulSoup You can also download a tarball of the final release, 3.2.2 . If you ran pip install beautifulsoup or pip install BeautifulSoup , but your code doesn't wor...",883,45,22
105,h2,Porting code to BS4,"Most code written against Beautiful Soup 3 will work against Beautiful Soup 4 with one simple change. All you should have to do is change the package name from BeautifulSoup to bs4 . So this: from BeautifulSoup import BeautifulSoup becomes this: from bs4 import BeautifulSoup If you get the ImportError ""No module named BeautifulSoup"", your problem is that you're trying to run Beautiful Soup 3 code, but you only have Beautiful Soup 4 installed. If you get the ImportError ""No module named bs4"", you...",769,41,19
106,h3,You need a parser,"Beautiful Soup 3 used Python's SGMLParser , a module that was deprecated and removed in Python 3.0. Beautiful Soup 4 uses html.parser by default, but you can plug in lxml or html5lib and use that instead. See Installing a parser for a comparison. Since html.parser is not the same parser as SGMLParser , you may find that Beautiful Soup 4 gives you a different parse tree than Beautiful Soup 3 for the same markup. If you swap out html.parser for lxml or html5lib, you may find that the parse tree ch...",108,5,1
107,h3,Property names,"I renamed three attributes to avoid using words that have special meaning to Python. Unlike my changes to method names (which you'll see in the form of deprecation warnings), these changes did not preserve backwards compatibility. If you used these attributes in BS3, your code will break in BS4 until you change them. UnicodeDammit.unicode -> UnicodeDammit.unicode_markup Tag.next -> Tag.next_element Tag.previous -> Tag.previous_element",62,6,0
108,h3,Generators,"Some of the generators used to yield None after they were done, and then stop. That was a bug. Now the generators just stop.",24,1,0
109,h3,XML,"There is no longer a BeautifulStoneSoup class for parsing XML. To parse XML you pass in ""xml"" as the second argument to the BeautifulSoup constructor. For the same reason, the BeautifulSoup constructor no longer recognizes the isHTML argument. Beautiful Soup's handling of empty-element XML tags has been improved. Previously when you parsed XML you had to explicitly say which tags were considered empty-element tags. The selfClosingTags argument to the constructor is no longer recognized. Instead,...",101,5,0
110,h3,Entities,"An incoming HTML or XML entity is always converted into the corresponding Unicode character. Beautiful Soup 3 had a number of overlapping ways of dealing with entities, which have been removed. The BeautifulSoup constructor no longer recognizes the smartQuotesTo or convertEntities arguments. ( Unicode, Dammit still has smart_quotes_to , but its default is now to turn smart quotes into Unicode.) The constants HTML_ENTITIES , XML_ENTITIES , and XHTML_ENTITIES have been removed, since they configur...",117,7,2
111,h3,Miscellaneous,"Tag.string now operates recursively. If tag A contains a single tag B and nothing else, then A.string is the same as B.string. (Previously, it was None.) Multi-valued attributes like class have lists of strings as their values, not simple strings. This may affect the way you search by CSS class. Tag objects now implement the __hash__ method, such that two Tag objects are considered equal if they generate the same markup. This may change your script's behavior if you put Tag objects into a dictio...",191,11,9
112,h3,Table of Contents,Beautiful Soup Documentation Getting help API documentation Quick Start Installing Beautiful Soup Installing a parser Making the soup Kinds of objects Tag Tag.name Tag.attrs NavigableString Special strings Comment For HTML documents Stylesheet Script Template For XML documents Declaration Doctype CData ProcessingInstruction Navigating the tree Going down Navigating using tag names .contents and .children .descendants .string .strings and stripped_strings Going up .parent .parents .self_and_paren...,295,70,127
113,h3,Quick search,,0,0,0
